tunnus;omvorm;aadress
85701:001:0214;;Valga vald, Laanemetsa küla, 23210 Laanemetsa-Koobassaare tee
28902:004:0038;Eraomand;Valga vald, Koobassaare küla, Mäeotsa
28902:004:0039;Eraomand;Valga vald, Koobassaare küla, Mäepõllu
28902:004:0061;Eraomand;Valga vald, Koobassaare küla, Apja
28902:004:0062;Eraomand;Valga vald, Koobassaare küla, Apja
28902:004:0101;Eraomand;Valga vald, Koobassaare küla, Keeni
28902:004:0102;Eraomand;Valga vald, Koobassaare küla, Keeni
28902:004:0112;Eraomand;Valga vald, Koobassaare küla, Mäeotsa
28902:004:0120;Eraomand;Valga vald, Koobassaare küla, Liivatalu
28902:004:0270;Eraomand;Valga vald, Koobassaare küla, Uue-Apja
28902:004:0391;Eraomand;Valga vald, Koobassaare küla, Perakonna
28902:004:0392;Eraomand;Valga vald, Koobassaare küla, Perakonna
28902:004:0432;Eraomand;Valga vald, Koobassaare küla, Karula-Ahero
28902:004:0501;Eraomand;Valga vald, Koobassaare küla, Mägimänni
28902:004:0502;Eraomand;Valga vald, Koobassaare küla, Mägimänni
28902:004:0503;Eraomand;Valga vald, Koobassaare küla, Mägimänni
28902:004:0510;Eraomand;Valga vald, Koobassaare küla, Kõrtsi
28902:004:0530;Eraomand;Valga vald, Koobassaare küla, Ellamäe
77901:001:0048;Eraomand;Valga vald, Laanemetsa küla, Liini
77901:001:0053;Eraomand;Valga vald, Sooblase küla, Kubjapõllu
77901:001:0057;Eraomand;Valga vald, Tsirgumäe küla, Ehaste
77901:001:0058;Eraomand;Valga vald, Sooblase küla, Kasemäe
77901:001:0074;Eraomand;Valga vald, Kalliküla, Haosilla
77901:001:0075;Eraomand;Valga vald, Kalliküla, Vahimetsa
77901:001:0078;Eraomand;Valga vald, Laanemetsa küla, Kõrre
77901:001:0146;Eraomand;Valga vald, Hargla küla, Kadari
77901:001:0149;Eraomand;Valga vald, Laanemetsa küla, Londoni
77901:001:0150;Eraomand;Valga vald, Laanemetsa küla, Londoni põld
77901:001:0165;Eraomand;Valga vald, Laanemetsa küla, Koemetsa
77901:001:0166;Eraomand;Valga vald, Laanemetsa küla, Kauri
77901:001:0167;Eraomand;Valga vald, Sooblase küla, Mustoja
77901:001:0168;Eraomand;Valga vald, Sooblase küla, Mustoja põld
77901:001:0169;Eraomand;Valga vald, Laanemetsa küla, Kalda juurdelõige
77901:001:0178;Eraomand;Valga vald, Laanemetsa küla, Oja
77901:001:0180;Eraomand;Valga vald, Laanemetsa küla, Farmipõllu
77901:001:0188;Eraomand;Valga vald, Hargla küla, Asu
77901:001:0189;Eraomand;Valga vald, Laanemetsa küla, Valgesaare
77901:001:0195;Eraomand;Valga vald, Laanemetsa küla, Valgenõmme
77901:001:0197;Eraomand;Valga vald, Sooblase küla, Nurmiku
77901:001:0210;Eraomand;Valga vald, Sooblase küla, Kirepi
77901:001:0213;Eraomand;Valga vald, Sooblase küla, Kirepipõllu
77901:001:0215;Eraomand;Valga vald, Kalliküla, Vahepõllu
77901:001:0221;Eraomand;Valga vald, Laanemetsa küla, Pääsusilma
77901:001:0222;Eraomand;Valga vald, Laanemetsa küla, Pääsusilma
77901:001:0430;Eraomand;Valga vald, Laanemetsa küla, Tsimmi
77901:001:0613;Eraomand;Valga vald, Laanemetsa küla, Keiri
77901:001:0614;Eraomand;Valga vald, Laanemetsa küla, Keiri
77901:001:0651;Eraomand;Valga vald, Laanemetsa küla, Mäe-Räime
77901:001:0654;Eraomand;Valga vald, Laanemetsa küla, Mäe-Räime
77901:001:0655;Eraomand;Valga vald, Laanemetsa küla, Mäe-Räime
77901:001:0751;Eraomand;Valga vald, Koiva küla, Laane
77901:001:1754;Eraomand;Valga vald, Laanemetsa küla, Rabasoo
77901:002:0002;Eraomand;Valga vald, Laanemetsa küla, Kuusaare-Aheru
77901:002:0011;Eraomand;Valga vald, Laanemetsa küla, Juuriste
77901:002:0035;Eraomand;Valga vald, Laanemetsa küla, Järvekalda
77901:002:0320;Eraomand;Valga vald, Laanemetsa küla, Palu
77901:002:0610;Eraomand;Valga vald, Laanemetsa küla, Savijärve
77901:002:0840;Eraomand;Valga vald, Laanemetsa küla, Liinimetsa
77901:002:1120;Eraomand;Valga vald, Laanemetsa küla, Sookannu
77901:002:1150;Eraomand;Valga vald, Laanemetsa küla, Järvekannu
77901:003:0001;Eraomand;Valga vald, Taheva küla, Pukasoo
77901:003:0002;Eraomand;Valga vald, Taheva küla, Tiigiveere
77901:003:0003;Eraomand;Valga vald, Laanemetsa küla, Mägeste tee 1
77901:003:0005;Eraomand;Valga vald, Laanemetsa küla, Mägeste tee 2
77901:003:0007;Eraomand;Valga vald, Laanemetsa küla, Pääsusilma
77901:003:0009;Eraomand;Valga vald, Korkuna küla, Jaanimäe
77901:003:0010;Eraomand;Valga vald, Korkuna küla, Kalda
77901:003:0011;Eraomand;Valga vald, Korkuna küla, Kalda
77901:003:0014;Eraomand;Valga vald, Laanemetsa küla, Saare
77901:003:0015;Eraomand;Valga vald, Laanemetsa küla, Suure-Aidaku
77901:003:0016;Eraomand;Valga vald, Laanemetsa küla, Pulliku
77901:003:0018;Eraomand;Valga vald, Laanemetsa küla, Kuusaare
77901:003:0019;Eraomand;Valga vald, Laanemetsa küla, Kuusaare
77901:003:0020;Eraomand;Valga vald, Laanemetsa küla, Juuriste
77901:003:0021;Eraomand;Valga vald, Laanemetsa küla, Kõrtsi
77901:003:0022;Eraomand;Valga vald, Korkuna küla, Kaldaveere
77901:003:0023;Eraomand;Valga vald, Laanemetsa küla, Uue-Aidaku
77901:003:0024;Eraomand;Valga vald, Laanemetsa küla, Metsatalu
77901:003:0027;Eraomand;Valga vald, Laanemetsa küla, Õunaaia
77901:003:0028;Eraomand;Valga vald, Taheva küla, Linnase
77901:003:0029;Eraomand;Valga vald, Laanemetsa küla, Roosimäe juurdelõige
77901:003:0030;Eraomand;Valga vald, Laanemetsa küla, Vädsali juurdelõige
77901:003:0031;Eraomand;Valga vald, Laanemetsa küla, Vallamaja
77901:003:0032;Eraomand;Valga vald, Laanemetsa küla, Paju
77901:003:0034;Eraomand;Valga vald, Laanemetsa küla, Lille
77901:003:0035;Eraomand;Valga vald, Tsirgumäe küla, Taitsimetsa
77901:003:0036;Eraomand;Valga vald, Tsirgumäe küla, Kunna
77901:003:0037;Eraomand;Valga vald, Laanemetsa küla, Killu
77901:003:0041;Eraomand;Valga vald, Laanemetsa küla, Pumbamaja
77901:003:0042;Eraomand;Valga vald, Taheva küla, Pumbamaja
77901:003:0044;Eraomand;Valga vald, Laanemetsa küla, Laanemetsa biotiik
77901:003:0048;Eraomand;Valga vald, Laanemetsa küla, Kopli
77901:003:0049;Eraomand;Valga vald, Laanemetsa küla, Lannamõtsa
77901:003:0050;Eraomand;Valga vald, Laanemetsa küla, Mäealuse
77901:003:0080;Eraomand;Valga vald, Laanemetsa küla, Aidaku
77901:003:0090;Eraomand;Valga vald, Laanemetsa küla, Kase
77901:003:0100;Eraomand;Valga vald, Laanemetsa küla, Nõmme
77901:003:0110;Eraomand;Valga vald, Korkuna küla, Vana-Korkuna
77901:003:0120;Eraomand;Valga vald, Laanemetsa küla, Kõrgepalu
77901:003:0131;Eraomand;Valga vald, Laanemetsa küla, Virola
77901:003:0132;Eraomand;Valga vald, Laanemetsa küla, Väike-Virola
77901:003:0140;Eraomand;Valga vald, Laanemetsa küla, Uue-Virola
77901:003:0150;Eraomand;Valga vald, Laanemetsa küla, Heitliku
77901:003:0151;Eraomand;Valga vald, Laanemetsa küla, Uue-Heitliku
77901:003:0180;Eraomand;Valga vald, Taheva küla, Kiigemäe
77901:003:0190;Eraomand;Valga vald, Taheva küla, Matimäe
77901:003:0201;Eraomand;Valga vald, Laanemetsa küla, Käägimäe
77901:003:0210;Eraomand;Valga vald, Laanemetsa küla, Iga
77901:003:0221;Eraomand;Valga vald, Taheva küla, Nõmme
77901:003:0222;Eraomand;Valga vald, Taheva küla, Nõmme
77901:003:0230;Eraomand;Valga vald, Taheva küla, Puide
77901:003:0240;Eraomand;Valga vald, Laanemetsa küla, Haljassaare
77901:003:0250;Eraomand;Valga vald, Laanemetsa küla, Ruusmäe
77901:003:0260;Eraomand;Valga vald, Laanemetsa küla, Laane
77901:003:0270;Eraomand;Valga vald, Taheva küla, Soemõisa
77901:003:0291;Eraomand;Valga vald, Laanemetsa küla, Jampre
77901:003:0292;Eraomand;Valga vald, Laanemetsa küla, Jampre
77901:003:0301;Eraomand;Valga vald, Laanemetsa küla, Soosaare
77901:003:0302;Eraomand;Valga vald, Laanemetsa küla, Soosaare
77901:003:0320;Eraomand;Valga vald, Taheva küla, Taheva kordon
77901:003:0343;Eraomand;Valga vald, Laanemetsa küla, Tsimmi
77901:003:0344;Eraomand;Valga vald, Laanemetsa küla, Tsimmi
77901:003:0345;Eraomand;Valga vald, Laanemetsa küla, Tsimmi
77901:003:0360;Eraomand;Valga vald, Laanemetsa küla, Räimejärve
77901:003:0380;Eraomand;Valga vald, Laanemetsa küla, Saarde
77901:003:0391;Eraomand;Valga vald, Laanemetsa küla, Ala-Räime
77901:003:0392;Eraomand;Valga vald, Laanemetsa küla, Ala-Räime
77901:003:0401;Eraomand;Valga vald, Laanemetsa küla, Kaasiku
77901:003:0402;Eraomand;Valga vald, Laanemetsa küla, Järvekaasiku
77901:003:0410;Eraomand;Valga vald, Laanemetsa küla, Palu
77901:003:0420;Eraomand;Valga vald, Laanemetsa küla, Vahe
77901:003:0431;Eraomand;Valga vald, Tsirgumäe küla, Ala-Konnu
77901:003:0432;Eraomand;Valga vald, Tsirgumäe küla, Ala-Konnu
77901:003:0440;Eraomand;Valga vald, Korkuna küla, Lootusneeme
77901:003:0451;Eraomand;Valga vald, Laanemetsa küla, Silla
77901:003:0452;Eraomand;Valga vald, Laanemetsa küla, Silla
77901:003:0461;Eraomand;Valga vald, Laanemetsa küla, Mäe-Räime
77901:003:0462;Eraomand;Valga vald, Laanemetsa küla, Mäe-Räime
77901:003:0470;Eraomand;Valga vald, Laanemetsa küla, Lillemäe
77901:003:0480;Eraomand;Valga vald, Taheva küla, Tangi
77901:003:0492;Eraomand;Valga vald, Laanemetsa küla, Londoni
77901:003:0500;Eraomand;Valga vald, Laanemetsa küla, Õuna
77901:003:0510;Eraomand;Valga vald, Laanemetsa küla, Malle
77901:003:0521;Eraomand;Valga vald, Laanemetsa küla, Savijärve
77901:003:0550;Eraomand;Valga vald, Laanemetsa küla, Aidaku
77901:003:0560;Eraomand;Valga vald, Taheva küla, Vana-Matimäe
77901:003:0570;Eraomand;Valga vald, Laanemetsa küla, Savilöövi
77901:003:0580;Eraomand;Valga vald, Taheva küla, Ploomi
77901:003:0590;Eraomand;Valga vald, Taheva küla, Oru
77901:003:0601;Eraomand;Valga vald, Taheva küla, Mäeotsa
77901:003:0602;Eraomand;Valga vald, Taheva küla, Väike-Mäeotsa
77901:003:0610;Eraomand;Valga vald, Korkuna küla, Mäe
77901:003:0630;Eraomand;Valga vald, Taheva küla, Koduõue
77901:003:0640;Eraomand;Valga vald, Taheva küla, Söödi
77901:003:0651;Eraomand;Valga vald, Taheva küla, Metsaääre
77901:003:0652;Eraomand;Valga vald, Taheva küla, Väike-Metsaääre
77901:003:0661;Eraomand;Valga vald, Taheva küla, Mardi
77901:003:0662;Eraomand;Valga vald, Taheva küla, Väike-Mardi
77901:003:0670;Eraomand;Valga vald, Laanemetsa küla, Sepa
77901:003:0681;Eraomand;Valga vald, Laanemetsa küla, Lemmikmäe
77901:003:0682;Eraomand;Valga vald, Laanemetsa küla, Lemmikmäe
77901:003:0690;Eraomand;Valga vald, Tsirgumäe küla, Ööbiku
77901:003:0701;Eraomand;Valga vald, Tsirgumäe küla, Mustajõe
77901:003:0702;Eraomand;Valga vald, Tsirgumäe küla, Mustajõe
77901:003:0711;Eraomand;Valga vald, Laanemetsa küla, Ruusmäe-Hõbeda
77901:003:0712;Eraomand;Valga vald, Laanemetsa küla, Ruusmäe-Hõbeda
77901:003:0721;Eraomand;Valga vald, Laanemetsa küla, Roosimäe
77901:003:0722;Eraomand;Valga vald, Laanemetsa küla, Roosimäe
77901:003:0730;Eraomand;Valga vald, Laanemetsa küla, Mihkli
77901:003:0750;Eraomand;Valga vald, Laanemetsa küla, Laugamäe
77901:003:0771;Eraomand;Valga vald, Korkuna küla, Kaldavere
77901:003:0772;Eraomand;Valga vald, Korkuna küla, Kaldavere
77901:003:0773;Eraomand;Valga vald, Korkuna küla, Kaldavere
77901:003:0780;Eraomand;Valga vald, Laanemetsa küla, Korkuna alajaam
77901:003:0790;Eraomand;Valga vald, Laanemetsa küla, Vasila alajaam
77901:003:0800;Eraomand;Valga vald, Laanemetsa küla, Kaaremäe
77901:003:0810;Eraomand;Valga vald, Laanemetsa küla, Mägeste tee 5
77901:003:0811;Eraomand;Valga vald, Laanemetsa küla, Välja
77901:003:0812;Eraomand;Valga vald, Laanemetsa küla, Välja
77901:003:0830;Eraomand;Valga vald, Laanemetsa küla, Pedaste
77901:003:0861;Eraomand;Valga vald, Korkuna küla, Õunamäe
77901:003:0862;Eraomand;Valga vald, Taheva küla, Õunamäe
77901:003:0870;Eraomand;Valga vald, Laanemetsa küla, Korjapää
77901:003:0880;Eraomand;Valga vald, Taheva küla, Põllu
77901:003:0890;Eraomand;Valga vald, Taheva küla, Põllu
77901:003:0900;Eraomand;Valga vald, Laanemetsa küla, Kalda
77901:003:0910;Eraomand;Valga vald, Laanemetsa küla, Kingu
77901:003:0920;Eraomand;Valga vald, Laanemetsa küla, Nõmmepalu
77901:003:0930;Eraomand;Valga vald, Laanemetsa küla, Meiga
77901:003:0940;Eraomand;Valga vald, Laanemetsa küla, Mägeste tee 6
77901:003:0952;Eraomand;Valga vald, Taheva küla, Halliku
77901:003:0960;Eraomand;Valga vald, Taheva küla, Koplimäe
77901:003:0972;Eraomand;Valga vald, Laanemetsa küla, Vädsali
77901:003:0974;Eraomand;Valga vald, Laanemetsa küla, Vädsali
77901:003:0975;Eraomand;Valga vald, Laanemetsa küla, Meeta
77901:003:0980;Eraomand;Valga vald, Laanemetsa küla, Helenurme
77901:003:1000;Eraomand;Valga vald, Taheva küla, Kaljumetsa
77901:003:1010;Eraomand;Valga vald, Taheva küla, Palumetsa
77901:003:1030;Eraomand;Valga vald, Taheva küla, Nõmmemetsa
77901:003:1040;Eraomand;Valga vald, Korkuna küla, Sookorkuna
77901:003:1070;Eraomand;Valga vald, Laanemetsa küla, Koolimäe
77901:003:1080;Eraomand;Valga vald, Laanemetsa küla, Hänisaare
77901:003:1090;Eraomand;Valga vald, Laanemetsa küla, Jaama
77901:003:1111;Eraomand;Valga vald, Laanemetsa küla, Vasila
77901:003:1112;Eraomand;Valga vald, Laanemetsa küla, Vasila
77901:003:1113;Eraomand;Valga vald, Laanemetsa küla, Vasila
77901:003:1114;Eraomand;Valga vald, Laanemetsa küla, Vasila
77901:003:1120;Eraomand;Valga vald, Laanemetsa küla, Laaguste
77901:003:1160;Eraomand;Valga vald, Laanemetsa küla, Alusmati
77901:003:1170;Eraomand;Valga vald, Laanemetsa küla, Lääne-Vassila
77901:003:1180;Eraomand;Valga vald, Laanemetsa küla, Põhja-Vassila
77901:003:1190;Eraomand;Valga vald, Laanemetsa küla, Mägeste tee 4
77901:003:1200;Eraomand;Valga vald, Laanemetsa küla, Mägeste tee 3
77901:003:1210;Eraomand;Valga vald, Laanemetsa küla, Mägeste tee 8
77901:003:1231;Eraomand;Valga vald, Taheva küla, Kõrgemäe
77901:003:1232;Eraomand;Valga vald, Taheva küla, Kõrgemäe
77901:003:1240;Eraomand;Valga vald, Laanemetsa küla, Jantku
77901:003:1260;Eraomand;Valga vald, Laanemetsa küla, Nõmmepõllu
77901:003:1301;Eraomand;Valga vald, Taheva küla, Ermi
77901:003:1302;Eraomand;Valga vald, Taheva küla, Ermi
77901:003:1320;Eraomand;Valga vald, Laanemetsa küla, Aru
77901:003:1331;Eraomand;Valga vald, Taheva küla, Tiigi
77901:003:1332;Eraomand;Valga vald, Taheva küla, Väike-Tiigi
77901:003:1340;Eraomand;Valga vald, Laanemetsa küla, Mägeste tee 7
77901:003:1351;Eraomand;Valga vald, Laanemetsa küla, Kunda
77901:003:1371;Eraomand;Valga vald, Taheva küla, Perve
77901:003:1372;Eraomand;Valga vald, Taheva küla, Väike-Perve
77901:003:1381;Eraomand;Valga vald, Laanemetsa küla, Mõisanurga
77901:003:1382;Eraomand;Valga vald, Laanemetsa küla, Mõisanurga
77901:003:1420;Eraomand;Valga vald, Laanemetsa küla, Laanemetsa kirik
77901:003:1431;Eraomand;Valga vald, Laanemetsa küla, Putka
77901:003:1432;Eraomand;Valga vald, Laanemetsa küla, Kunda
77901:003:1433;Eraomand;Valga vald, Laanemetsa küla, Putka
77901:003:1434;Eraomand;Valga vald, Laanemetsa küla, Putka
77901:003:1441;Eraomand;Valga vald, Laanemetsa küla, Tuultemäe
77901:003:1442;Eraomand;Valga vald, Laanemetsa küla, Tuultemäe
77901:003:1500;Eraomand;Valga vald, Korkuna küla, Mäe-Korkuna
77901:003:1510;Eraomand;Valga vald, Korkuna küla, Kirsimäe
77901:003:1530;Eraomand;Valga vald, Korkuna küla, Kikka
77901:003:1540;Eraomand;Valga vald, Korkuna küla, Lillemäe
77901:003:1550;Eraomand;Valga vald, Laanemetsa küla, Nõmmetuka
77901:003:1570;Eraomand;Valga vald, Laanemetsa küla, Pastoraadi
77901:003:1600;Eraomand;Valga vald, Laanemetsa küla, Juuriste-Kalda
77901:003:1610;Eraomand;Valga vald, Laanemetsa küla, Lageda
77901:003:1622;Eraomand;Valga vald, Korkuna küla, Kõrtsi
77901:003:1630;Eraomand;Valga vald, Laanemetsa küla, Meierei
77901:003:1640;Eraomand;Valga vald, Laanemetsa küla, Laanemetsa mõisahoone
77901:003:1650;Eraomand;Valga vald, Taheva küla, Sassi
77901:003:1660;Eraomand;Valga vald, Taheva küla, Palupera
77901:004:0001;Eraomand;Valga vald, Hargla küla, Antsu tee 6
77901:004:0002;Eraomand;Valga vald, Hargla küla, Meose
77901:004:0004;Eraomand;Valga vald, Taheva küla, Kristjani
77901:004:0005;Eraomand;Valga vald, Sooblase küla, Paju
77901:004:0008;Eraomand;Valga vald, Hargla küla, Telefonijaama
77901:004:0012;Eraomand;Valga vald, Tsirgumäe küla, Tuuliku
77901:004:0014;Eraomand;Valga vald, Taheva küla, Linnase
77901:004:0015;Eraomand;Valga vald, Tsirgumäe küla, Veetorni
77901:004:0016;Eraomand;Valga vald, Tsirgumäe küla, Jääkeldri
77901:004:0017;Eraomand;Valga vald, Taheva küla, Saeveski
77901:004:0018;Eraomand;Valga vald, Hargla küla, Kirikumõisa tee 5
77901:004:0019;Eraomand;Valga vald, Hargla küla, Kirikumõisa tee 6
77901:004:0027;Eraomand;Valga vald, Hargla küla, Hargla biotiik
77901:004:0029;Eraomand;Valga vald, Tsirgumäe küla, Tuuleveski
77901:004:0036;Eraomand;Valga vald, Hargla küla, Riisatuka
77901:004:0037;Eraomand;Valga vald, Hargla küla, Luigenurme
77901:004:0038;Eraomand;Valga vald, Hargla küla, Riisatare
77901:004:0039;Eraomand;Valga vald, Hargla küla, Luigepõllu
77901:004:0040;Eraomand;Valga vald, Hargla küla, Riisametsa
77901:004:0041;Eraomand;Valga vald, Hargla küla, Luigeaasa
77901:004:0111;Eraomand;Valga vald, Sooblase küla, Vana-Punda
77901:004:0121;Eraomand;Valga vald, Hargla küla, Luigemäe
77901:004:0122;Eraomand;Valga vald, Hargla küla, Luigemäe
77901:004:0140;Eraomand;Valga vald, Sooblase küla, Kallaste
77901:004:0160;Eraomand;Valga vald, Taheva küla, Karamõisa
77901:004:0190;Eraomand;Valga vald, Hargla küla, Toomemäe
77901:004:0202;Eraomand;Valga vald, Sooblase küla, Tikuti
77901:004:0203;Eraomand;Valga vald, Sooblase küla, Tikuti
77901:004:0231;Eraomand;Valga vald, Taheva küla, Taheva kontor
77901:004:0241;Eraomand;Valga vald, Sooblase küla, Suure-Punda
77901:004:0243;Eraomand;Valga vald, Sooblase küla, Pundametsa
77901:004:0250;Eraomand;Valga vald, Taheva küla, Kiigemäe
77901:004:0260;Eraomand;Valga vald, Hargla küla, Kirsipalu
77901:004:0281;Eraomand;Valga vald, Hargla küla, Meosõ
77901:004:0282;Eraomand;Valga vald, Hargla küla, Meosõ
77901:004:0283;Eraomand;Valga vald, Hargla küla, Meosõ
77901:004:0291;Eraomand;Valga vald, Hargla küla, Meose
77901:004:0292;Eraomand;Valga vald, Hargla küla, Meose
77901:004:0293;Eraomand;Valga vald, Hargla küla, Meose
77901:004:0294;Eraomand;Valga vald, Hargla küla, Meose
77901:004:0341;Eraomand;Valga vald, Hargla küla, Tilga
77901:004:0342;Eraomand;Valga vald, Hargla küla, Tilga
77901:004:0370;Eraomand;Valga vald, Hargla küla, Saare
77901:004:0381;Eraomand;Valga vald, Sooblase küla, Kalmi
77901:004:0390;Eraomand;Valga vald, Hargla küla, Roosi
77901:004:0400;Eraomand;Valga vald, Hargla küla, Luha
77901:004:0410;Eraomand;Valga vald, Hargla küla, Pilpa
77901:004:0421;Eraomand;Valga vald, Hargla küla, Melgi
77901:004:0422;Eraomand;Valga vald, Hargla küla, Melgi
77901:004:0430;Eraomand;Valga vald, Hargla küla, Mälgi
77901:004:0441;Eraomand;Valga vald, Hargla küla, Melgi-Tammiku
77901:004:0442;Eraomand;Valga vald, Hargla küla, Melgi-Tammiku
77901:004:0443;Eraomand;Valga vald, Hargla küla, Masti
77901:004:0450;Eraomand;Valga vald, Hargla küla, Tulbi
77901:004:0460;Eraomand;Valga vald, Laanemetsa küla, Palu
77901:004:0470;Eraomand;Valga vald, Tsirgumäe küla, Lepistu
77901:004:0481;Eraomand;Valga vald, Sooblase küla, Luiga
77901:004:0482;Eraomand;Valga vald, Sooblase küla, Luiga
77901:004:0491;Eraomand;Valga vald, Hargla küla, Tilga
77901:004:0500;Eraomand;Valga vald, Sooblase küla, Männikselja
77901:004:0521;Eraomand;Valga vald, Tsirgumäe küla, Pihlakmäe
77901:004:0522;Eraomand;Valga vald, Tsirgumäe küla, Pihlakmäe
77901:004:0523;Eraomand;Valga vald, Tsirgumäe küla, Pihlakmäe
77901:004:0531;Eraomand;Valga vald, Tsirgumäe küla, Senderi
77901:004:0532;Eraomand;Valga vald, Tsirgumäe küla, Senderi
77901:004:0541;Eraomand;Valga vald, Tsirgumäe küla, Lembitu
77901:004:0542;Eraomand;Valga vald, Tsirgumäe küla, Punda
77901:004:0560;Eraomand;Valga vald, Sooblase küla, Piiri
77901:004:0570;Eraomand;Valga vald, Sooblase küla, Kungla
77901:004:0610;Eraomand;Valga vald, Tsirgumäe küla, Ploomimäe
77901:004:0621;Eraomand;Valga vald, Tsirgumäe küla, Risttee
77901:004:0640;Eraomand;Valga vald, Hargla küla, Hargla sidejaoskond
77901:004:0651;Eraomand;Valga vald, Hargla küla, Antsu tee 1
77901:004:0652;Eraomand;Valga vald, Hargla küla, Antsu tee 2a
77901:004:0660;Eraomand;Valga vald, Hargla küla, Antsu tee 3
77901:004:0670;Eraomand;Valga vald, Hargla küla, Antsu tee 7
77901:004:0680;Eraomand;Valga vald, Hargla küla, Niinepuu
77901:004:0690;Eraomand;Valga vald, Hargla küla, Männi
77901:004:0700;Eraomand;Valga vald, Hargla küla, Sireli
77901:004:0710;Eraomand;Valga vald, Hargla küla, Suve
77901:004:0720;Eraomand;Valga vald, Tsirgumäe küla, Kalju
77901:004:0740;Eraomand;Valga vald, Hargla küla, Tiiu
77901:004:0750;Eraomand;Valga vald, Hargla küla, Tankla
77901:004:0760;Eraomand;Valga vald, Hargla küla, Erna
77901:004:0770;Eraomand;Valga vald, Hargla küla, Metsaveere
77901:004:0791;Eraomand;Valga vald, Sooblase küla, Lillemäe
77901:004:0792;Eraomand;Valga vald, Sooblase küla, Lillemäe
77901:004:0801;Eraomand;Valga vald, Tsirgumäe küla, Järve
77901:004:0821;Eraomand;Valga vald, Hargla küla, Kõdre
77901:004:0822;Eraomand;Valga vald, Hargla küla, Kõdre
77901:004:0830;Eraomand;Valga vald, Hargla küla, Kase
77901:004:0840;Eraomand;Valga vald, Sooblase küla, Võidu
77901:004:0880;Eraomand;Valga vald, Hargla küla, Kalda
77901:004:0890;Eraomand;Valga vald, Hargla küla, Antsu tee 5
77901:004:0900;Eraomand;Valga vald, Hargla küla, Põhja
77901:004:0910;Eraomand;Valga vald, Hargla küla, Antsu tee 2
77901:004:0921;Eraomand;Valga vald, Hargla küla, Antsu tee 4
77901:004:0922;Eraomand;Valga vald, Hargla küla, Antsu tee 3a
77901:004:0942;Eraomand;Valga vald, Sooblase küla, Kirepi
77901:004:0952;Eraomand;Valga vald, Hargla küla, Aarde
77901:004:0970;Eraomand;Valga vald, Sooblase küla, Koidu
77901:004:0980;Eraomand;Valga vald, Hargla küla, Rohu alajaam
77901:004:0990;Eraomand;Valga vald, Hargla küla, Punda alajaam
77901:004:1000;Eraomand;Valga vald, Tsirgumäe küla, Ala-Lepistu
77901:004:1010;Eraomand;Valga vald, Hargla küla, Palu
77901:004:1021;Eraomand;Valga vald, Sooblase küla, Sooblase
77901:004:1022;Eraomand;Valga vald, Sooblase küla, Sooblase
77901:004:1023;Eraomand;Valga vald, Sooblase küla, Sooblase
77901:004:1051;Eraomand;Valga vald, Hargla küla, Hargla kogudus
77901:004:1052;Eraomand;Valga vald, Hargla küla, Vana-Kirikumõisa
77901:004:1053;Eraomand;Valga vald, Hargla küla, Kalmistu
77901:004:1054;Eraomand;Valga vald, Sooblase küla, Koguduse
77901:004:1070;Eraomand;Valga vald, Hargla küla, Lina
77901:004:1100;Eraomand;Valga vald, Sooblase küla, Haava
77901:004:1110;Eraomand;Valga vald, Hargla küla, Apteegi
77901:004:1120;Eraomand;Valga vald, Sooblase küla, Endla
77901:004:1130;Eraomand;Valga vald, Hargla küla, Hargla masinaühistu
77901:004:1171;Eraomand;Valga vald, Sooblase küla, Mäekalle
77901:004:1172;Eraomand;Valga vald, Sooblase küla, Mäekalle
77901:004:1180;Eraomand;Valga vald, Sooblase küla, Kallaste
77901:004:1190;Eraomand;Valga vald, Tsirgumäe küla, Punda
77901:004:1200;Eraomand;Valga vald, Sooblase küla, Punda
77901:004:1210;Eraomand;Valga vald, Hargla küla, Kevade
77901:004:1240;Eraomand;Valga vald, Sooblase küla, Koidu
77901:004:1250;Eraomand;Valga vald, Tsirgumäe küla, Punda
77901:004:1261;Eraomand;Valga vald, Sooblase küla, Vana-Valli
77901:004:1262;Eraomand;Valga vald, Sooblase küla, Vana-Valli
77901:004:1263;Eraomand;Valga vald, Sooblase küla, Vana-Valli
77901:004:1271;Eraomand;Valga vald, Hargla küla, Aida
77901:004:1272;Eraomand;Valga vald, Hargla küla, Luigemäe
77901:004:1280;Eraomand;Valga vald, Hargla küla, Taavoste
77901:004:1290;Eraomand;Valga vald, Sooblase küla, Punda
77901:004:1300;Eraomand;Valga vald, Tsirgumäe küla, Punda
77901:004:1310;Eraomand;Valga vald, Hargla küla, Hermlini
77901:004:1320;Eraomand;Valga vald, Tsirgumäe küla, Männiku
77901:004:1340;Eraomand;Valga vald, Hargla küla, Saaresalu
77901:004:1350;Eraomand;Valga vald, Hargla küla, Tilgaoru
77901:004:1360;Eraomand;Valga vald, Hargla küla, Kaupluse
77901:004:1380;Eraomand;Valga vald, Hargla küla, Kirikumõisa tee 1
77901:004:1390;Eraomand;Valga vald, Hargla küla, Kirikumõisa tee 4
77901:004:1430;Eraomand;Valga vald, Hargla küla, Luigemäe
77901:004:1450;Eraomand;Valga vald, Hargla küla, Köödre
77901:004:1480;Eraomand;Valga vald, Hargla küla, Variku
77901:004:1490;Eraomand;Valga vald, Hargla küla, Rahuoru
77901:004:1500;Eraomand;Valga vald, Hargla küla, Kadaka
77901:004:1512;Eraomand;Valga vald, Hargla küla, Iremäe
77901:004:1520;Eraomand;Valga vald, Tsirgumäe küla, Metsanurga
77901:004:1531;Eraomand;Valga vald, Sooblase küla, Nelivälja
77901:004:1532;Eraomand;Valga vald, Sooblase küla, Nelivälja
77901:004:1540;Eraomand;Valga vald, Hargla küla, Agrise
77901:004:1560;Eraomand;Valga vald, Taheva küla, Metsanurga
77901:004:1570;Eraomand;Valga vald, Tsirgumäe küla, Toomemäe
77901:004:1580;Eraomand;Valga vald, Hargla küla, Leesi
77901:004:1590;Eraomand;Valga vald, Hargla küla, Mikkali
77901:004:1600;Eraomand;Valga vald, Hargla küla, Aasa
77901:004:1610;Eraomand;Valga vald, Hargla küla, Kanarbiku
77901:004:1630;Eraomand;Valga vald, Laanemetsa küla, Sookannu
77901:004:1650;Eraomand;Valga vald, Laanemetsa küla, Järvekannu
77901:004:1670;Eraomand;Valga vald, Hargla küla, Ala-Limpri
77901:004:1680;Eraomand;Valga vald, Hargla küla, Kulli
77901:004:1690;Eraomand;Valga vald, Hargla küla, Mäe-Limpri
77901:004:1700;Eraomand;Valga vald, Taheva küla, Kiige
77901:004:1710;Eraomand;Valga vald, Taheva küla, Kaasiku
77901:004:1732;Eraomand;Valga vald, Hargla küla, Metsa
77901:004:1733;Eraomand;Valga vald, Hargla küla, Metsa
77901:004:1734;Eraomand;Valga vald, Hargla küla, Lauga
77901:004:1751;Eraomand;Valga vald, Hargla küla, Lauga
77901:004:1752;Eraomand;Valga vald, Sooblase küla, Lauga
77901:004:1760;Eraomand;Valga vald, Taheva küla, Mäe
77901:004:1770;Eraomand;Valga vald, Taheva küla, Kaara
77901:004:1780;Eraomand;Valga vald, Hargla küla, Roo-Rebase
77901:004:1790;Eraomand;Valga vald, Sooblase küla, Punda
77901:004:1800;Eraomand;Valga vald, Sooblase küla, Punda
77901:004:1810;Eraomand;Valga vald, Hargla küla, Kannikese
77901:004:1830;Eraomand;Valga vald, Sooblase küla, Mäe-Lauri
77901:004:1860;Eraomand;Valga vald, Taheva küla, Teeääre
77901:004:1880;Eraomand;Valga vald, Tsirgumäe küla, Kuuse
77901:004:1890;Eraomand;Valga vald, Hargla küla, Väike-Kadaka
77901:004:1900;Eraomand;Valga vald, Taheva küla, Kase
77901:004:1921;Eraomand;Valga vald, Hargla küla, Laksu
77901:004:1930;Eraomand;Valga vald, Hargla küla, Liivavälja
77901:004:1951;Eraomand;Valga vald, Sooblase küla, Lepiku
77901:004:1960;Eraomand;Valga vald, Hargla küla, Väike-Erna
77901:004:1970;Eraomand;Valga vald, Hargla küla, Kirikumõisa tee 3
77901:004:1980;Eraomand;Valga vald, Hargla küla, Kullakaevu
77901:004:1990;Eraomand;Valga vald, Hargla küla, Pillisepa
77901:004:2000;Eraomand;Valga vald, Sooblase küla, Nurme
77901:004:2010;Eraomand;Valga vald, Hargla küla, Liivamäe
77901:004:2020;Eraomand;Valga vald, Hargla küla, Õuna
77901:004:2030;Eraomand;Valga vald, Hargla küla, Kirsi
77901:004:2040;Eraomand;Valga vald, Hargla küla, Ojakalda
77901:004:2050;Eraomand;Valga vald, Laanemetsa küla, Juuriste-Järve
77901:005:0010;Eraomand;Valga vald, Hargla küla, Metsatuka
77901:005:0080;Eraomand;Valga vald, Kalliküla, Metsa-Munapalu
77901:005:0095;Eraomand;Valga vald, Kalliküla, 23207 Mäekalli-Aosilla tee
77901:005:0096;Eraomand;Valga vald, Kalliküla, Ees-Munapalu
77901:005:0098;Eraomand;Valga vald, Kalliküla, Taga-Munapalu
77901:005:0101;Eraomand;Valga vald, Kalliküla, Liiva
77901:005:0121;Eraomand;Valga vald, Kalliküla, Peranurme
77901:005:0134;Eraomand;Valga vald, Kalliküla, Raudsepa
77901:005:0144;Eraomand;Valga vald, Hargla küla, Kaasiku
77901:005:0145;Eraomand;Valga vald, Hargla küla, Kaasiku
77901:005:0151;Eraomand;Valga vald, Kalliküla, Mäe
77901:005:0160;Eraomand;Valga vald, Kalliküla, Vastre
77901:005:0173;Eraomand;Valga vald, Hargla küla, Kõivu
77901:005:0213;Eraomand;Valga vald, Kalliküla, Kaku
77901:005:0222;Eraomand;Valga vald, Kalliküla, Säre
77901:005:0231;Eraomand;Valga vald, Kalliküla, Kindrani
77901:005:0240;Eraomand;Valga vald, Hargla küla, Varblase
77901:005:0250;Eraomand;Valga vald, Hargla küla, Liiva
77901:005:0260;Eraomand;Valga vald, Hargla küla, Tornimäe
77901:005:0290;Eraomand;Valga vald, Kalliküla, Sireli
77901:005:0300;Eraomand;Valga vald, Hargla küla, Sika
77901:005:0310;Eraomand;Valga vald, Hargla küla, Meeaida
77901:005:0320;Eraomand;Valga vald, Hargla küla, Kuke
77901:005:0360;Eraomand;Valga vald, Hargla küla, Joeli
77901:005:0370;Eraomand;Valga vald, Hargla küla, Sulevi
77901:005:0381;Eraomand;Valga vald, Hargla küla, Pähkla
77901:005:0382;Eraomand;Valga vald, Hargla küla, Pähkla
77901:005:0390;Eraomand;Valga vald, Hargla küla, Kõivu
77901:005:0400;Eraomand;Valga vald, Kalliküla, Kõivu
77901:005:0410;Eraomand;Valga vald, Hargla küla, Luigemäe
77901:005:0420;Eraomand;Valga vald, Hargla küla, Luigemäe
77901:005:0440;Eraomand;Valga vald, Hargla küla, Paasi
77901:005:0460;Eraomand;Valga vald, Hargla küla, Roosiloo
77901:005:0470;Eraomand;Valga vald, Hargla küla, Kallimetsa
77901:005:0580;Eraomand;Valga vald, Hargla küla, Tammetõru
77901:005:0591;Eraomand;Valga vald, Hargla küla, Kullimäe
77901:005:0592;Eraomand;Valga vald, Hargla küla, Kullimäe
77901:005:0600;Eraomand;Valga vald, Hargla küla, Saaremäe
77901:005:0621;Eraomand;Valga vald, Hargla küla, Karaski kordoni
77901:005:0630;Eraomand;Valga vald, Kalliküla, Vahi
77901:005:0640;Eraomand;Valga vald, Hargla küla, Mõtsanuka
77901:005:0650;Eraomand;Valga vald, Hargla küla, Ojaperve
77901:005:0660;Eraomand;Valga vald, Hargla küla, Kraavimetsa
77901:005:0670;Eraomand;Valga vald, Hargla küla, Mäeotsa
77901:005:0680;Eraomand;Valga vald, Hargla küla, Savimaa
77901:005:0690;Eraomand;Valga vald, Hargla küla, Pihlaka
77901:005:0711;Eraomand;Valga vald, Kalliküla, Kallipera
77901:005:0720;Eraomand;Valga vald, Hargla küla, Käärmani
85501:001:0002;Eraomand;Valga vald, Laanemetsa küla, Mägeste tee 10
85501:001:0087;Eraomand;Valga vald, Hargla küla, Ees-Esse
85501:001:0088;Eraomand;Valga vald, Hargla küla, Essepõllu
85501:001:0091;Eraomand;Valga vald, Laanemetsa küla, Kõrgemäe
85501:001:0109;Eraomand;Valga vald, Hargla küla, Antsu tee 9
85501:001:0134;Eraomand;Valga vald, Koobassaare küla, Liiva
85501:001:0135;Eraomand;Valga vald, Koobassaare küla, Liivapõllu
85501:001:0138;Eraomand;Valga vald, Taheva küla, Jaama
85501:001:0139;Eraomand;Valga vald, Taheva küla, Kiigemetsa
85501:001:0143;Eraomand;Valga vald, Hargla küla, Vana-Kõrtsi
85501:001:0144;Eraomand;Valga vald, Hargla küla, Papi
85501:001:0259;Eraomand;Valga vald, Tsirgumäe küla, Salu
85501:001:0260;Eraomand;Valga vald, Tsirgumäe küla, Salutüki
85501:001:0265;Eraomand;Valga vald, Laanemetsa küla, Ahvena
85501:001:0266;Eraomand;Valga vald, Laanemetsa küla, Räime
85501:001:0294;Eraomand;Valga vald, Hargla küla, Essemetsa
85501:001:0295;Eraomand;Valga vald, Hargla küla, Essemäe
85501:001:0298;Eraomand;Valga vald, Sooblase küla, Vanakubja
85501:001:0299;Eraomand;Valga vald, Sooblase küla, Kubjalohu
85501:001:0307;Eraomand;Valga vald, Laanemetsa küla, Sära
85501:001:0308;Eraomand;Valga vald, Laanemetsa küla, Ere
85501:001:0999;Eraomand;Valga vald, Hargla küla, Astri
85501:001:1001;Eraomand;Valga vald, Hargla küla, Ojakääru
85501:001:1003;Eraomand;Valga vald, Hargla küla, Õie
85501:001:1031;Eraomand;Valga vald, Tsirgumäe küla, Taitsi
85501:001:1032;Eraomand;Valga vald, Tsirgumäe küla, Taitsinuka
85501:001:1064;Eraomand;Valga vald, Laanemetsa küla, Kannu
85501:001:1070;Eraomand;Valga vald, Laanemetsa küla, Nooremetsa
85501:001:1071;Eraomand;Valga vald, Laanemetsa küla, Vanaku
85501:001:1101;Eraomand;Valga vald, Sooblase küla, Lauri
85501:001:1102;Eraomand;Valga vald, Sooblase küla, Ala-Lauri
85501:001:1120;Eraomand;Valga vald, Sooblase küla, Hobuaia
85501:001:1128;Eraomand;Valga vald, Koobassaare küla, Järveotsa
85501:001:1129;Eraomand;Valga vald, Koobassaare küla, Murakaraba
85501:001:1139;Eraomand;Valga vald, Hargla küla, Iremäe
85501:001:1140;Eraomand;Valga vald, Hargla küla, Irelaane
85501:001:1172;Eraomand;Valga vald, Taheva küla, Halliku
85501:001:1173;Eraomand;Valga vald, Taheva küla, Hallikumetsa
85501:001:1174;Eraomand;Valga vald, Taheva küla, Hallikupõllu
85501:001:1230;Eraomand;Valga vald, Sooblase küla, Kraavi
85501:001:1231;Eraomand;Valga vald, Sooblase küla, Hobumäe
85501:001:1232;Eraomand;Valga vald, Laanemetsa küla, Männiku
85501:001:1233;Eraomand;Valga vald, Laanemetsa küla, Saksa
85501:001:1245;Eraomand;Valga vald, Tsirgumäe küla, Järve
85501:001:1246;Eraomand;Valga vald, Tsirgumäe küla, Järvepõllu
85501:001:1256;Eraomand;Valga vald, Hargla küla, Männiku
85501:001:1257;Eraomand;Valga vald, Hargla küla, Männijussi
85501:001:1264;Eraomand;Valga vald, Sooblase küla, Tikuti
85501:001:1265;Eraomand;Valga vald, Sooblase küla, Tikutipõllu
85501:001:1358;Eraomand;Valga vald, Sooblase küla, Tõlva
85501:001:1359;Eraomand;Valga vald, Sooblase küla, Tõlvapõllu
85701:001:0013;Eraomand;Valga vald, Hargla küla, Aarde
85701:001:0014;Eraomand;Valga vald, Hargla küla, Aardemetsa
85701:001:0015;Eraomand;Valga vald, Tsirgumäe küla, Sanatooriumi
85701:001:0016;Eraomand;Valga vald, Tsirgumäe küla, Tsirgukaevu
85701:001:0017;Eraomand;Valga vald, Tsirgumäe küla, Tsirgupuhasti
85701:001:0107;Eraomand;Valga vald, Laanemetsa küla, Staari
85701:001:0108;Eraomand;Valga vald, Laanemetsa küla, Päikese
85701:001:0109;Eraomand;Valga vald, Laanemetsa küla, Laanemetsa
77901:001:0083;Munitsipaalomand;Valga vald, Sooblase küla, Sooblase tee
77901:001:0087;Munitsipaalomand;Valga vald, Taheva küla, Taheva põik
77901:001:0088;Munitsipaalomand;Valga vald, Taheva küla, Taheva tee
77901:001:0089;Munitsipaalomand;Valga vald, Tsirgumäe küla, Sanatooriumi tee
77901:001:0090;Munitsipaalomand;Valga vald, Korkuna küla, Korkuna tee
77901:001:0107;Munitsipaalomand;Valga vald, Hargla küla, Pilpaküla tee
77901:001:0108;Munitsipaalomand;Valga vald, Hargla küla, Pilpaküla põik L1
77901:001:0109;Munitsipaalomand;Valga vald, Hargla küla, Pilpaküla põik L2
77901:001:0110;Munitsipaalomand;Valga vald, Hargla küla, Antsu tee
77901:001:0118;Munitsipaalomand;Valga vald, Hargla küla, Kirikumõisa tee
77901:001:0119;Munitsipaalomand;Valga vald, Tsirgumäe küla, Enogi tee
77901:001:0120;Munitsipaalomand;Valga vald, Tsirgumäe küla, Vahtramäe tee
77901:001:0123;Munitsipaalomand;Valga vald, Sooblase küla, Valli tee
77901:001:0124;Munitsipaalomand;Valga vald, Laanemetsa küla, Kalmistu tee
77901:001:0125;Munitsipaalomand;Valga vald, Hargla küla, Nõmmiku tee
77901:001:0126;Munitsipaalomand;Valga vald, Laanemetsa küla, Mägeste tee L1
77901:001:0127;Munitsipaalomand;Valga vald, Laanemetsa küla, Mägeste tee L2
77901:001:0128;Munitsipaalomand;Valga vald, Laanemetsa küla, Keiri tee
77901:001:0129;Munitsipaalomand;Valga vald, Hargla küla, Tammeküla tee
77901:001:0131;Munitsipaalomand;Valga vald, Hargla küla, Tilga-Kooli tee
77901:001:0133;Munitsipaalomand;Valga vald, Hargla küla, Apteegi-Põhja tee
77901:001:0145;Munitsipaalomand;Valga vald, Hargla küla, Hargla kool
77901:003:0033;Munitsipaalomand;Valga vald, Laanemetsa küla, Laanemetsa kalmistu
77901:003:0043;Munitsipaalomand;Valga vald, Taheva küla, Taheva biotiik
77901:003:0051;Munitsipaalomand;Valga vald, Laanemetsa küla, Laaguste mets
77901:003:0052;Munitsipaalomand;Valga vald, Laanemetsa küla, Laaguste mets
77901:005:0021;Munitsipaalomand;Valga vald, Hargla küla, Vana-Kõrtsi mets
85501:001:0460;Munitsipaalomand;Valga vald, Hargla küla, Pilpaküla põik L4
85501:001:0477;Munitsipaalomand;Valga vald, Hargla küla, Vana-Punda tee
85501:001:0522;Munitsipaalomand;Valga vald, Hargla küla, Limpri tee
85501:001:0553;Munitsipaalomand;Valga vald, Hargla küla, Köstri tee
85501:001:0565;Munitsipaalomand;Valga vald, Hargla küla, Limpri tee L1
85501:001:0687;Munitsipaalomand;Valga vald, Korkuna küla, Kaldavere tee
85501:001:0696;Munitsipaalomand;Valga vald, Laanemetsa küla, Farmi tee
85501:001:0698;Munitsipaalomand;Valga vald, Hargla küla, Pilpaküla põik L5
85501:001:0800;Munitsipaalomand;Valga vald, Hargla küla
85501:001:0835;Munitsipaalomand;Valga vald, Taheva küla, Koplimäe tee
85501:001:0959;Munitsipaalomand;Valga vald, Hargla küla, Pilpaküla põik L3
85501:001:1113;Munitsipaalomand;Valga vald, Hargla küla, Kultuurimaja
85501:001:1114;Munitsipaalomand;Valga vald, Hargla küla, Vee
85501:001:0520;Omandi ulatus selgitamisel;Valga vald, Taheva küla, Aida
85501:001:0562;Omandi ulatus selgitamisel;Valga vald, Laanemetsa küla, Mägeste tee 9
85501:001:0588;Omandi ulatus selgitamisel;Valga vald, Hargla küla, Kulli
85501:001:0589;Omandi ulatus selgitamisel;Valga vald, Laanemetsa küla, Aida
85501:001:0628;Omandi ulatus selgitamisel;Valga vald, Koobassaare küla, Mäe
85501:001:0656;Omandi ulatus selgitamisel;Valga vald, Laanemetsa küla, Mägeste tee 1a
85501:001:0750;Omandi ulatus selgitamisel;Valga vald, Laanemetsa küla, Mägeste tee 5a
85501:001:0794;Omandi ulatus selgitamisel;Valga vald, Koobassaare küla, Kalda
85501:001:0808;Omandi ulatus selgitamisel;Valga vald, Hargla küla, Mandise
85501:001:0888;Omandi ulatus selgitamisel;Valga vald, Hargla küla, Roositee
85501:001:0914;Omandi ulatus selgitamisel;Valga vald, Tsirgumäe küla, Tsirgunurga
85501:001:0945;Omandi ulatus selgitamisel;Valga vald, Hargla küla, Kalmistuserva
85501:001:0956;Omandi ulatus selgitamisel;Valga vald, Taheva küla, Teedevahe
28902:004:0002;Riigiomand;Valga vald, Koobassaare küla, Laanetee
28902:004:0011;Riigiomand;Valga vald, Koobassaare küla, Karula metskond 11
28902:004:0021;Riigiomand;Valga vald, Koobassaare küla, Valga metskond 92
28902:004:0025;Riigiomand;Valga vald, Koobassaare küla, Karula metskond 54
28902:004:0026;Riigiomand;Valga vald, Koobassaare küla, Karula metskond 55
28902:004:0027;Riigiomand;Valga vald, Koobassaare küla, Karula metskond 48
28902:004:0058;Riigiomand;Valga vald, Koobassaare küla, Karula metskond 18
28902:004:0132;Riigiomand;Valga vald, Koobassaare küla, Liiva
28902:004:0134;Riigiomand;Valga vald, Koobassaare küla, Karula metskond 70
28902:004:0210;Riigiomand;Valga vald, Koobassaare küla, Suure-Apja
28902:004:0231;Riigiomand;Valga vald, Koobassaare küla, Karula metskond 30
28902:004:0232;Riigiomand;Valga vald, Koobassaare küla, Karula metskond 29
28902:004:0262;Riigiomand;Valga vald, Koobassaare küla, 23114 Laatre-Lüllemäe-Hargla tee
28902:004:0263;Riigiomand;Valga vald, Koobassaare küla, 23210 Laanemetsa-Koobassaare tee
28902:004:0264;Riigiomand;Valga vald, Koobassaare küla, 23212 Koobassaare-Rebasemõisa tee
28902:004:0281;Riigiomand;Valga vald, Koobassaare küla, Karula metskond 26
28902:004:0282;Riigiomand;Valga vald, Koobassaare küla, Karula metskond 25
28902:004:0283;Riigiomand;Valga vald, Koobassaare küla, Karula metskond 24
28902:004:0350;Riigiomand;Valga vald, Koobassaare küla, Karula metskond 27
28902:004:0440;Riigiomand;Valga vald, Koobassaare küla, Karula metskond 13
28902:004:0450;Riigiomand;Valga vald, Koobassaare küla, Karula metskond 10
49301:001:0140;Riigiomand;Rõuge vald, Koemetsa küla, Antsla metskond 26
77901:001:0117;Riigiomand;Valga vald, Laanemetsa küla, Taheva metskond 4
77901:001:0138;Riigiomand;Valga vald, Taheva küla, Lepistiku
77901:001:0160;Riigiomand;Valga vald, Hargla küla, Köstri
77901:001:0163;Riigiomand;Valga vald, Hargla küla, Padriku
77901:001:0176;Riigiomand;Valga vald, Laanemetsa küla, Koodimäe
77901:001:0179;Riigiomand;Valga vald, Laanemetsa küla, Farmi
77901:001:0186;Riigiomand;Valga vald, Hargla küla, Pastori
77901:001:0196;Riigiomand;Valga vald, Laanemetsa küla, Maido
77901:001:0223;Riigiomand;Valga vald, Taheva küla, Taheva metskond 44
77901:001:0224;Riigiomand;Valga vald, Taheva küla, Taheva metskond 45
77901:001:0231;Riigiomand;Valga vald, Laanemetsa küla, Taheva metskond 42
77901:001:0232;Riigiomand;Valga vald, Laanemetsa küla, Karaski - Mäe-Veski tee
77901:001:0615;Riigiomand;Valga vald, Laanemetsa küla, 23101 Koikküla-Koiva-Laanemetsa tee
77901:001:0656;Riigiomand;Valga vald, Laanemetsa küla, 23101 Koikküla-Koiva-Laanemetsa tee
77901:001:1751;Riigiomand;Valga vald, Laanemetsa küla, Taheva metskond 6
77901:001:1752;Riigiomand;Valga vald, Laanemetsa küla, Taheva metskond 12
77901:001:1755;Riigiomand;Valga vald, Laanemetsa küla, 23101 Koikküla-Koiva-Laanemetsa tee
77901:002:1302;Riigiomand;Valga vald, Laanemetsa küla, Karula metskond 5
77901:003:0004;Riigiomand;Valga vald, Laanemetsa küla, Laanemetsa liivakarjäär
77901:003:0008;Riigiomand;Valga vald, Laanemetsa küla, 23101 Koikküla-Koiva-Laanemetsa tee
77901:003:0013;Riigiomand;Valga vald, Laanemetsa küla, Liivakarjääri
77901:003:0025;Riigiomand;Valga vald, Taheva küla, Taheva metskond 19
77901:003:0026;Riigiomand;Valga vald, Laanemetsa küla, Karula metskond 40
77901:003:0039;Riigiomand;Valga vald, Laanemetsa küla, Alumati tee
77901:003:0040;Riigiomand;Valga vald, Taheva küla, Vahtramäe tee
77901:003:0346;Riigiomand;Valga vald, Laanemetsa küla, 23101 Koikküla-Koiva-Laanemetsa tee
77901:003:0347;Riigiomand;Valga vald, Laanemetsa küla, 23101 Koikküla-Koiva-Laanemetsa tee
77901:003:0393;Riigiomand;Valga vald, Laanemetsa küla, 23101 Koikküla-Koiva-Laanemetsa tee
77901:003:0403;Riigiomand;Valga vald, Laanemetsa küla, 23101 Koikküla-Koiva-Laanemetsa tee
77901:003:0463;Riigiomand;Valga vald, Laanemetsa küla, 23101 Koikküla-Koiva-Laanemetsa tee
77901:003:0761;Riigiomand;Valga vald, Laanemetsa küla, 67 Võru-Mõniste-Valga tee
77901:003:0762;Riigiomand;Valga vald, Laanemetsa küla, 23101 Koikküla-Koiva-Laanemetsa tee
77901:003:0763;Riigiomand;Valga vald, Laanemetsa küla, 23111 Laanemetsa-Kirikuküla tee
77901:003:0764;Riigiomand;Valga vald, Laanemetsa küla, 23210 Laanemetsa-Koobassaare tee
77901:003:0990;Riigiomand;Valga vald, Taheva küla, Taheva metskond 47
77901:003:1020;Riigiomand;Valga vald, Korkuna küla, Taheva metskond 48
77901:003:1050;Riigiomand;Valga vald, Taheva küla, Kiimaoja
77901:003:1401;Riigiomand;Valga vald, Laanemetsa küla, 23209 Laanemetsa-Taheva sanatooriumi tee
77901:003:1402;Riigiomand;Valga vald, Tsirgumäe küla, 23209 Laanemetsa-Taheva sanatooriumi tee
77901:003:1403;Riigiomand;Valga vald, Tsirgumäe küla, 23209 Laanemetsa-Taheva sanatooriumi tee
77901:003:1410;Riigiomand;Valga vald, Laanemetsa küla, 23211 Loosu-Vasila tee
77901:004:0009;Riigiomand;Valga vald, Hargla küla, Ristiku
77901:004:0013;Riigiomand;Valga vald, Tsirgumäe küla, Taheva metskond 20
77901:004:0026;Riigiomand;Valga vald, Taheva küla, Essemäe-Taheva tee
77901:004:0028;Riigiomand;Valga vald, Hargla küla, Anemooni
77901:004:0030;Riigiomand;Valga vald, Sooblase küla, Taheva metskond 31
77901:004:0033;Riigiomand;Valga vald, Hargla küla, Küüslaugu
77901:004:0034;Riigiomand;Valga vald, Hargla küla, Pedaja
77901:004:0035;Riigiomand;Valga vald, Hargla küla, Taheva metskond 37
77901:004:0220;Riigiomand;Valga vald, Laanemetsa küla, Karula metskond 9
77901:004:0232;Riigiomand;Valga vald, Taheva küla, Taheva metskond 1
77901:004:0233;Riigiomand;Valga vald, Taheva küla, Taheva metskond 9
77901:004:0931;Riigiomand;Valga vald, Sooblase küla, 67 Võru-Mõniste-Valga tee
77901:004:0932;Riigiomand;Valga vald, Sooblase küla, 23112 Sooblase-Tsirgumäe tee
77901:004:0933;Riigiomand;Valga vald, Sooblase küla, 23113 Taheva-Läti piiri tee
77901:004:0934;Riigiomand;Valga vald, Hargla küla, 23114 Laatre-Lüllemäe-Hargla tee
77901:004:1740;Riigiomand;Valga vald, Tsirgumäe küla, 23209 Laanemetsa-Taheva sanatooriumi tee
77901:005:0001;Riigiomand;Valga vald, Hargla küla, Lille
77901:005:0009;Riigiomand;Valga vald, Hargla küla, Karula metskond 44
77901:005:0048;Riigiomand;Valga vald, Hargla küla, Karula metskond 17
77901:005:0146;Riigiomand;Valga vald, Hargla küla, 23208 Hargla kool-Kõivu tee
77901:005:0174;Riigiomand;Valga vald, Hargla küla, 23208 Hargla kool-Kõivu tee
77901:005:0330;Riigiomand;Valga vald, Kalliküla, 67 Võru-Mõniste-Valga tee
77901:005:0570;Riigiomand;Valga vald, Hargla küla, 23208 Hargla kool-Kõivu tee
77901:005:0622;Riigiomand;Valga vald, Hargla küla, Karula metskond 4
85501:001:0019;Riigiomand;Valga vald, Hargla küla, Liiviku
85501:001:0020;Riigiomand;Valga vald, Taheva küla, Võpsiku
85501:001:0093;Riigiomand;Valga vald, Laanemetsa küla, Karjääriveere
85501:001:0118;Riigiomand;Valga vald, Tsirgumäe küla, Metsanurga
85501:001:0133;Riigiomand;Valga vald, Laanemetsa küla, Võseriku
85501:001:0264;Riigiomand;Valga vald, Laanemetsa küla, 23101 Koikküla-Koiva-Laanemetsa tee
85501:001:0345;Riigiomand;Valga vald, Taheva küla, Ruudu
85501:001:0418;Riigiomand;Valga vald, Taheva küla, 67 Võru-Mõniste-Valga tee
85501:001:0448;Riigiomand;Valga vald, Laanemetsa küla, 67 Võru-Mõniste-Valga tee
85501:001:0484;Riigiomand;Valga vald, Laanemetsa küla, 23210 Laanemetsa-Koobassaare tee
85501:001:0525;Riigiomand;Valga vald, Laanemetsa küla, 23210 Laanemetsa-Koobassaare tee
85501:001:0670;Riigiomand;Valga vald, Taheva küla, 67 Võru-Mõniste-Valga tee
85501:001:0723;Riigiomand;Valga vald, Hargla küla, Mustjõgi
85501:001:0806;Riigiomand;Valga vald, Sooblase küla, 23112 Sooblase-Tsirgumäe tee
85501:001:0821;Riigiomand;Valga vald, Sooblase küla, 67 Võru-Mõniste-Valga tee
85501:001:0824;Riigiomand;Valga vald, Laanemetsa küla, 67 Võru-Mõniste-Valga tee
85501:001:0863;Riigiomand;Valga vald, Hargla küla, 67 Võru-Mõniste-Valga tee
85501:001:0866;Riigiomand;Valga vald, Hargla küla, 67 Võru-Mõniste-Valga tee
85501:001:0886;Riigiomand;Valga vald, Laanemetsa küla, 67 Võru-Mõniste-Valga tee
85501:001:0953;Riigiomand;Valga vald, Koobassaare küla, 23114 Laatre-Lüllemäe-Hargla tee
85501:001:0997;Riigiomand;Valga vald, Hargla küla, 67 Võru-Mõniste-Valga tee
85501:001:1000;Riigiomand;Valga vald, Hargla küla, 67 Võru-Mõniste-Valga tee
85501:001:1002;Riigiomand;Valga vald, Hargla küla, 67 Võru-Mõniste-Valga tee
85501:001:1004;Riigiomand;Valga vald, Hargla küla, 67 Võru-Mõniste-Valga tee
85501:001:1033;Riigiomand;Valga vald, Tsirgumäe küla, 23209 Laanemetsa-Taheva sanatooriumi tee
85501:001:1042;Riigiomand;Valga vald, Tsirgumäe küla, 23209 Laanemetsa-Taheva sanatooriumi tee
85501:001:1043;Riigiomand;Valga vald, Tsirgumäe küla, 23209 Laanemetsa-Taheva sanatooriumi tee
85501:001:1044;Riigiomand;Valga vald, Tsirgumäe küla, 23209 Laanemetsa-Taheva sanatooriumi tee
85501:001:1045;Riigiomand;Valga vald, Tsirgumäe küla, Koiva-Mustjõe maastikukaitseala 22
85501:001:1046;Riigiomand;Valga vald, Tsirgumäe küla, Koiva-Mustjõe maastikukaitseala 21
85501:001:1047;Riigiomand;Valga vald, Laanemetsa küla, Taheva metskond 8
85501:001:1055;Riigiomand;Valga vald, Laanemetsa küla, Karula metskond 37
